id,name,host_id,host_name,neighbourhood_group,neighbourhood,latitude,longitude,room_type,price,minimum_nights,number_of_reviews,last_review,reviews_per_month,calculated_host_listings_count,availability_365,number_of_reviews_ltm,license
54126420,Home in Albany · ★4.80 · 1 bedroom · 1 bed · 1 bath,37769478,Erion,,TENTH WARD,42.66261,-73.79026,Entire home/apt,98,1,55,5/27/2023,3.89,7,323,47,
677623197606854496,Rental unit in Albany · ★4.85 · 2 bedrooms · 2 beds · 1 bath,203631769,Johnny,,SECOND WARD,42.64531,-73.75963,Entire home/apt,65,2,27,5/27/2023,2.28,1,142,27,
610090811367811938,Rental unit in Albany · ★4.91 · 2 bedrooms · 3 beds · 1 bath,40548251,Reyana,,NINTH WARD,42.652049,-73.7949665,Entire home/apt,109,2,22,8/6/2023,2.44,1,238,22,
742946641797303970,Rental unit in Albany · 1 bedroom · 1 bed · 1 bath,479114612,Anilexa,,SECOND WARD,42.64469,-73.761,Entire home/apt,86,3,1,11/23/2022,0.12,1,358,1,
921076441920995839,Rental unit in Albany · ★New · 1 bedroom · 1 bed · 1 bath,521669673,Kody,,THIRD WARD,42.6586,-73.75743,Entire home/apt,61,7,0,,,1,248,0,
7062955,Rental unit in Albany · ★4.14 · 1 bedroom · 1 bed · 1.5 baths,37035085,George,,SIXTH WARD,42.65901,-73.76647,Entire home/apt,68,30,7,6/16/2023,0.09,4,282,1,
882229561343619620,Rental unit in Albany · ★4.89 · 1 bedroom · 1 bed · 1 bath,512736975,Miguelino,,TENTH WARD,42.6599733,-73.7747433,Entire home/apt,77,1,9,7/22/2023,3.21,1,157,9,
841524433909352403,Rental unit in Albany · ★4.71 · 2 bedrooms · 2 beds · 1 bath,462042479,Natasha,,SIXTH WARD,42.65987,-73.77025,Entire home/apt,120,2,7,7/30/2023,4.88,2,343,7,
798715218269100922,Rental unit in Albany · ★4.67 · 1 bedroom · 1 bed · 1 bath,491607190,Abba,,SIXTH WARD,42.65038,-73.76664,Entire home/apt,105,1,3,3/19/2023,0.49,5,29,3,
798448539017629897,Rental unit in Albany · 1 bedroom · 1 bed · 1 bath,222612368,Patrick,,SIXTH WARD,42.65315,-73.77012,Entire home/apt,75,30,2,5/18/2023,0.43,1,312,2,
934744844940967492,Rental unit in Albany · ★New · 2 bedrooms · 2 beds · 1 bath,456511812,Evolve,,SIXTH WARD,42.65506,-73.76401,Entire home/apt,96,2,0,,,1,364,0,
8539096,Home in Albany · ★4.88 · 5 bedrooms · 6 beds · 5 baths,19648678,Terra,,NINTH WARD,42.65601,-73.7756,Entire home/apt,750,3,66,8/16/2022,0.7,7,364,1,
8035784,Home in Albany · ★4.61 · 1 bedroom · 1 bed · 2.5 shared baths,42430824,John M,,TENTH WARD,42.66063,-73.78115,Private room,199,3,18,7/25/2020,0.19,2,179,0,
817160514282672518,Townhouse in Albany · 1 bedroom · 1 bed · 1 bath,121680792,Evolve,,TENTH WARD,42.66011,-73.77547,Entire home/apt,101,2,0,,,9,320,0,
45334218,Home in Albany · 3 bedrooms · 3 beds · 1 private bath,89705052,Share,,TENTH WARD,42.65842,-73.77869,Private room,250,2,0,,,4,6,0,
843481456379840308,Rental unit in Albany · 3 bedrooms · 2 beds · 1 bath,188679144,Elizabeth,,SIXTH WARD,42.65481,-73.76352,Entire home/apt,130,1,1,3/21/2023,0.21,8,364,1,
733964865705013296,Rental unit in Albany · 1 bedroom · 1 bed · 1 bath,502037254,Andrew,,SIXTH WARD,42.65035,-73.76549,Entire home/apt,110,14,1,3/26/2023,0.22,1,335,1,
841524382518312215,Rental unit in Albany · ★New · 2 bedrooms · 2 beds · 1 bath,462042479,Natasha,,SIXTH WARD,42.66007584297136,-73.76976949,Entire home/apt,96,6,0,,,2,359,0,
54128829,Townhouse in Albany · ★4.99 · 2 bedrooms · 5 beds · 2 baths,265709295,Richard & Priscela,,SIXTH WARD,42.65594,-73.76591,Entire home/apt,202,1,143,8/7/2023,8,1,327,82,
826301775871257033,Rental unit in Albany · ★4.69 · 2 bedrooms · 2 beds · 1 bath,484673863,Blossom Estates,,NINTH WARD,42.65613,-73.77469,Entire home/apt,162,1,13,7/23/2023,2.28,2,253,13,
14989805,Home in Albany · ★4.97 · 2 bedrooms · 5 beds · 2 baths,4259750,Peter,,FIFTEENTH WARD,42.673512,-73.819679,Entire home/apt,198,1,72,7/25/2023,0.88,9,365,16,
2992450,Rental unit in Albany · ★3.56 · 2 bedrooms · 2 beds · 1 bath,4621559,Kenneth,,THIRD WARD,42.65789,-73.7537,Entire home/apt,70,28,11,8/17/2022,0.1,1,251,1,
881068664638997848,Rental unit in Albany · ★5.0 · 2 bedrooms · 2 beds · 1 bath,49485863,Drew,,THIRD WARD,42.65764,-73.74996,Entire home/apt,147,2,3,7/30/2023,3,1,342,3,
20633175,Rental unit in Albany · ★4.91 · 1 bedroom · 2 beds · 1 bath,65414985,James,,SEVENTH WARD,42.64939,-73.76865,Entire home/apt,126,2,130,5/28/2023,1.99,2,288,18,
52863776,Rental unit in Albany · ★4.99 · 1 bedroom · 2 beds · 1 bath,355777684,Lloyd,,SIXTH WARD,42.65826,-73.76944,Entire home/apt,168,1,119,7/25/2023,5.48,3,315,63,
887179061681202083,Rental unit in Albany · ★5.0 · 1 bedroom · 1 bed · 1.5 baths,459472925,Gabriel,,THIRD WARD,42.6628771,-73.7653403,Private room,45,1,5,7/11/2023,1.81,2,356,5,
634108143238179968,Rental unit in Albany · ★4.97 · 3 bedrooms · 3 beds · 1 bath,119340359,Lori,,SIXTH WARD,42.65323,-73.76797,Entire home/apt,141,2,69,8/7/2023,4.8,1,12,55,
35914565,Rental unit in Albany · ★4.79 · 1 bedroom · 1 bed · 1 bath,232967878,Diana,,SECOND WARD,42.64506,-73.75727,Entire home/apt,102,1,237,7/17/2023,4.75,20,67,62,
743600140734706394,Rental unit in Albany · ★4.75 · 1 bedroom · 1 bed · 1 bath,484673863,Blossom Estates,,NINTH WARD,42.65569,-73.77685,Entire home/apt,112,1,4,1/26/2023,0.53,2,275,4,
816085193659797849,Rental unit in Albany · ★4.70 · 1 bedroom · 1 bed · 1 bath,37769478,Erion,,SIXTH WARD,42.65258,-73.76917,Entire home/apt,98,1,10,7/28/2023,1.64,7,359,10,
631778545710518995,Rental unit in Albany · ★4.29 · 3 bedrooms · 3 beds · 1 bath,272907816,Angela,,SECOND WARD,42.645252,-73.753433,Entire home/apt,150,2,7,7/27/2023,1.22,4,36,7,
669022371438086634,Home in Albany · 3 bedrooms · 5 beds · 1 bath,468871633,Wayne,,FIFTH WARD,42.66381,-73.75919,Entire home/apt,101,2,2,12/22/2022,0.19,1,220,2,
10768745,Home in Albany · ★4.82 · 1 bedroom · 1 bed · 1 bath,5691268,Elizabeth,,FOURTEENTH WARD,42.66078,-73.80553,Entire home/apt,50,1,566,7/24/2023,6.19,2,342,70,
943344283913343832,Home in Albany · ★New · 4 bedrooms · 12 beds · 2 baths,39656001,Urbangem,,SECOND WARD,42.642978050189676,-73.75701914,Entire home/apt,599,2,0,,,6,364,0,
39873571,Rental unit in Albany · ★4.65 · 2 bedrooms · 2 beds · 1 bath,306508346,Adem,,THIRD WARD,42.65682,-73.76298,Entire home/apt,78,1,133,8/3/2023,9.57,2,103,113,
49886937,Rental unit in Albany · Studio · 1 bed · 0 shared baths,219746338,Nicola,,FOURTH WARD,42.65854,-73.74926,Shared room,45,1,0,,,1,359,0,
593272120497643087,Home in Albany · ★4.98 · 1 bedroom · 2 beds · 1 private bath,382970529,Thomas,,THIRTEENTH WARD,42.66911,-73.79869,Private room,182,1,57,8/2/2023,4.26,5,75,55,
50890336,Rental unit in Albany · ★4.58 · 1 bedroom · 1 bed · 1 bath,47625981,Linda,,FOURTH WARD,42.65901,-73.74748,Entire home/apt,120,1,36,7/3/2023,1.46,13,125,12,
47828453,Rental unit in Albany · ★4.40 · 2 bedrooms · 3 beds · 1 bath,299638115,Dominick,,THIRD WARD,42.656,-73.76123,Entire home/apt,171,4,15,9/7/2022,0.49,3,365,1,
668608486588067880,Home in Albany · ★4.90 · 1 bedroom · 1 bed · 1.5 shared baths,382970529,Thomas,,FOURTEENTH WARD,42.66764,-73.79908,Private room,120,1,59,7/23/2023,4.53,5,54,53,
44265426,Rental unit in Albany · ★4.99 · 1 bedroom · 2 beds · 1 bath,355777684,Lloyd,,SIXTH WARD,42.66006,-73.76966,Entire home/apt,153,1,258,7/23/2023,7.01,3,332,77,
923295103978000090,Home in Albany · ★New · 1 bedroom · 1 bed · 1 bath,522414870,Marcus,,EIGHTH WARD,42.64364275554093,-73.84425439,Private room,160,1,0,,,1,364,0,
878170065450353510,Bed and breakfast in Albany · ★5.0 · 1 bedroom · 1 bed · 1 bath,485300126,John,,THIRD WARD,42.65768,-73.75655,Private room,51,2,4,7/27/2023,2.22,2,328,4,
8035768,Home in Albany · ★4.75 · 3 bedrooms · 3 beds · 3.5 baths,42430824,John M,,TENTH WARD,42.66088,-73.78147,Entire home/apt,459,3,54,2/20/2023,0.56,2,365,2,
53860077,Cottage in Albany · ★5.0 · 4 bedrooms · 4 beds · 1 bath,4259750,Peter,,FIFTEENTH WARD,42.674675,-73.822861,Entire home/apt,328,1,12,3/17/2023,0.71,9,343,8,
746385432544422794,Home in Albany · ★4.33 · 1 bedroom · 1 bed · 2 shared baths,442491470,Brigid,,TENTH WARD,42.66054,-73.77447,Private room,38,5,3,8/1/2023,1.02,2,335,3,
6623339,Rental unit in Albany · ★4.73 · 1 bedroom · 1 bed · 1 bath,19648678,Terra,,SIXTH WARD,42.65222,-73.76724,Entire home/apt,140,1,306,4/2/2023,3.07,7,281,9,
919055506310955442,Rental unit in Albany · ★New · 1 bedroom · 1 bed · 1 bath,502751555,Grace,,FIFTH WARD,42.67292,-73.7776,Private room,93,1,0,,,1,364,0,
831122937768017113,Home in Albany · ★5.0 · 5 bedrooms · 5 beds · 2 baths,68750004,Tiffany,,FIFTEENTH WARD,42.67076,-73.82612,Entire home/apt,201,2,23,8/4/2023,4.57,1,218,23,
1489424,Home in Albany · ★4.73 · 1 bedroom · 1 bed · 1 private bath,5294164,Efrat,,FOURTEENTH WARD,42.66719,-73.8158,Private room,50,1,221,7/28/2023,1.83,1,236,48,
846586211673806912,Rental unit in Albany · ★5.0 · 3 bedrooms · 3 beds · 2 baths,49372011,Phil,,TWELFTH WARD,42.67336,-73.78619,Entire home/apt,175,3,5,5/22/2023,1.27,2,303,5,
879054943124868639,Home in Albany · 1 bedroom · 1 bed · 1 shared bath,24423279,Leslie,,FOURTEENTH WARD,42.66065,-73.80439,Private room,199,7,0,,,1,365,0,
750748704706045644,Rental unit in Albany · ★4.78 · 2 bedrooms · 2 beds · 1 bath,255839958,Kira,,SEVENTH WARD,42.64284,-73.77997,Entire home/apt,131,1,9,7/11/2023,1.05,1,330,9,
42567833,Rental unit in Albany · 3 bedrooms · 3 beds · 1 bath,339085327,Arkady,,NINTH WARD,42.65567,-73.7854,Entire home/apt,200,70,0,,,1,365,0,
646570081594519710,Condo in Albany · 2 bedrooms · 2 beds · 1 bath,172658781,Jessica,,THIRTEENTH WARD,42.66897,-73.79653,Entire home/apt,100,60,0,,,3,245,0,
45529316,Rental unit in Albany · ★4.73 · 1 bedroom · 1 bed · 1 bath,47625981,Linda,,SECOND WARD,42.64821,-73.75793,Entire home/apt,120,1,85,8/4/2023,2.75,13,351,25,
688355255688353452,Vacation home in Albany · ★4.08 · 3 bedrooms · 4 beds · 1 bath,461579260,Md,,SECOND WARD,42.646896,-73.757612,Entire home/apt,169,1,12,7/26/2023,0.99,3,365,12,
47345872,Rental unit in Albany · ★4.40 · 1 bedroom · 1 bed · 1 bath,19648678,Terra,,SIXTH WARD,42.65345,-73.76663,Entire home/apt,125,2,35,6/18/2023,1.15,7,322,12,
938280419686165005,Guesthouse in Albany · ★New · 3 bedrooms · 4 beds · 2 baths,526358730,Argus,,TENTH WARD,42.660362531234114,-73.77290224,Entire home/apt,313,1,0,,,12,231,0,
40828178,Home in Albany · ★4.99 · 1 bedroom · 2 beds · 1 bath,47491906,Lloyd,,FOURTH WARD,42.67773,-73.73899,Entire home/apt,149,1,165,7/23/2023,3.8,1,289,19,
620480926228934988,Home in Albany · ★4.78 · 2 bedrooms · 3 beds · 1.5 baths,457678547,Najeem Adegbemiga,,SEVENTH WARD,42.640217,-73.780815,Entire home/apt,121,2,9,6/5/2023,0.77,1,364,9,
737574278276037589,Rental unit in Albany · ★4.76 · 4 bedrooms · 4 beds · 1 bath,232967878,Diana,,TENTH WARD,42.66069,-73.78555,Entire home/apt,185,1,21,7/23/2023,2.33,20,80,21,
898743867240851780,Home in Albany · ★4.64 · 5 bedrooms · 6 beds · 2 baths,516414095,Rashawn,,TENTH WARD,42.66087,-73.78655,Entire home/apt,189,2,11,8/6/2023,6.35,1,75,11,
623454291327573992,Rental unit in Albany · ★4.73 · 3 bedrooms · 3 beds · 1 bath,249258548,Umer,,SEVENTH WARD,42.64372,-73.78426,Entire home/apt,137,2,22,6/25/2023,1.46,4,177,13,
44450012,Rental unit in Albany · ★4.80 · 2 bedrooms · 2 beds · 1 bath,353498132,Michael,,EIGHTH WARD,42.64808,-73.7996,Entire home/apt,135,13,20,1/31/2023,0.55,5,288,1,
905007131419044966,Home in Albany · ★New · 4 bedrooms · 4 beds · 1 bath,349460842,Scott,,TENTH WARD,42.66217,-73.78299,Entire home/apt,250,3,2,7/24/2023,2,5,342,2,
53483727,Vacation home in Albany · ★4.96 · 4 bedrooms · 4 beds · 1.5 baths,433096110,Brian,,FOURTEENTH WARD,42.65824,-73.80114,Entire home/apt,229,1,84,7/28/2023,4.32,3,261,47,
20519885,Home in Albany · ★4.93 · 5 bedrooms · 6 beds · 2 baths,67171774,Michael And Flerida,,FOURTEENTH WARD,42.65846,-73.80201,Entire home/apt,275,4,83,7/28/2023,1.19,6,332,20,
48470454,Home in Albany · ★4.93 · 5 bedrooms · 5 beds · 5.5 baths,4259750,Peter,,THIRTEENTH WARD,42.66526412963867,-73.78692627,Entire home/apt,314,2,14,7/3/2023,1.09,9,358,12,
52133146,Home in Albany · ★4.71 · 2 bedrooms · 3 beds · 1 bath,158327629,Denelle,,FIFTEENTH WARD,42.66779,-73.82477,Entire home/apt,88,2,17,6/11/2022,0.74,1,216,0,
15580397,Home in Albany · ★4.70 · 1 bedroom · 1 bed · 1 shared bath,89705052,Share,,NINTH WARD,42.65651,-73.77887,Private room,60,2,37,7/26/2023,0.49,4,53,9,
887167811237271928,Rental unit in Albany · ★4.80 · 1 bedroom · 2 beds · 1 shared bath,459472925,Gabriel,,THIRD WARD,42.66246,-73.76576,Private room,45,1,10,8/1/2023,4.62,2,314,10,
658638185191740358,Home in Albany · ★5.0 · 3 bedrooms · 3 beds · 1 bath,466389096,Patrice,,FIRST WARD,42.6374547,-73.7716647,Entire home/apt,159,5,3,2/14/2023,0.23,3,345,2,
52923647,Vacation home in Albany · 3 bedrooms · 2 beds · 2 baths,428451585,Erwin,,EIGHTH WARD,42.64792,-73.79953,Entire home/apt,250,3,0,,,1,320,0,
943937912054899329,Home in Albany · ★New · 2 bedrooms · 1 bed · 1 bath,432840906,Ragenia,,EIGHTH WARD,42.653756170269425,-73.80910201,Entire home/apt,250,4,0,,,1,269,0,
559249822516788574,Rental unit in Albany · 1 bedroom · 2 beds · 1 bath,433884293,Uniah,,NINTH WARD,42.66062,-73.79112,Entire home/apt,75,6,2,6/26/2023,0.21,1,363,2,
9501054,Rental unit in Albany · ★4.52 · 1 bedroom · 2 beds · 1 private bath,29288920,Gregg,,SECOND WARD,42.64734,-73.75851,Private room,65,2,349,8/4/2023,3.81,3,163,41,
850173470105833039,Townhouse in Albany · ★4.97 · 1 bedroom · 2 beds · 1 private bath,120815848,Phat,,SECOND WARD,42.6446,-73.75885,Private room,90,1,30,8/3/2023,7.2,1,335,30,
916781844562671031,Rental unit in Albany · ★New · 1 bedroom · 1 bed · 1 shared bath,407186700,Leon,,SEVENTH WARD,42.64391,-73.77292,Private room,85,2,1,7/21/2023,1,1,364,1,
793223286704705121,Rental unit in Albany · ★5.0 · 1 bedroom · 1 bed · 1 bath,462767507,Joshua,,SIXTH WARD,42.65489,-73.77061,Entire home/apt,92,3,5,8/7/2023,0.83,3,338,5,
937927979762952955,Hotel in Albany · ★New · 1 bedroom · 1 bed · 1 bath,526358730,Argus,,TENTH WARD,42.66043,-73.77432,Private room,182,1,0,,,12,241,0,
700172695352977293,Home in Albany · ★4.50 · 1 bedroom · 1 bed · 1.5 shared baths,442491470,Brigid,,ELEVENTH WARD,42.66247,-73.77469,Private room,40,4,12,7/25/2023,1.04,2,304,12,
50639032,Home in Albany · ★4.91 · 1 bedroom · 1 bed · 1 shared bath,172539578,David Yisrael,,FIFTEENTH WARD,42.67945,-73.81647,Private room,75,3,35,7/27/2023,1.54,2,163,16,
934035097653060273,Bed and breakfast in Albany · ★New · 1 bedroom · 1 bed · 1 bath,493882819,Terra,,SIXTH WARD,42.656549255922755,-73.77433674,Private room,136,1,1,7/26/2023,1,6,235,1,
7563949,Townhouse in Albany · ★4.59 · 1 bedroom · 1 bed · 2 shared baths,39656001,Urbangem,,SECOND WARD,42.64484,-73.75851,Private room,190,1,42,2/19/2023,0.49,6,365,2,
19663012,Townhouse in Albany · ★4.71 · 2 bedrooms · 2 beds · 2 shared baths,39656001,Urbangem,,SECOND WARD,42.6436,-73.75887,Private room,169,1,21,8/28/2021,0.29,6,179,0,
21769439,Home in Albany · ★4.80 · 1 bedroom · 1 bed · 1 shared bath,135717458,Chad,,ELEVENTH WARD,42.66703,-73.77842,Private room,35,10,20,4/29/2023,0.29,3,280,4,
668608096674070882,Home in Albany · ★5.0 · 1 bedroom · 1 bed · 1.5 shared baths,382970529,Thomas,,FOURTEENTH WARD,42.66758,-73.7992,Private room,120,1,69,7/26/2023,5.29,5,70,62,
27670660,Rental unit in Albany · ★5.0 · 1 bedroom · 1 bed · 1 private bath,98744672,Bela,,NINTH WARD,42.65430832,-73.78177643,Private room,59,2,16,7/16/2023,0.3,8,343,11,
35793179,Home in Albany · ★4.98 · 1 bedroom · 1 bed · 1 shared bath,15223767,Ed,,SEVENTH WARD,42.65259,-73.78223,Private room,50,1,128,7/28/2023,2.58,3,202,47,
22398196,Home in Albany · ★4.91 · 1 bedroom · 1 bed · 1 private bath,98744672,Bela,,NINTH WARD,42.65501,-73.78122,Private room,60,2,96,7/2/2023,1.42,8,341,18,
681241051140825073,Home in Albany · ★5.0 · 3 bedrooms · 3 beds · 1 bath,376794541,Neha,,ELEVENTH WARD,42.66305,-73.77726,Private room,48,7,3,7/27/2023,0.69,3,174,3,
42092736,Home in Albany · ★4.94 · 1 bedroom · 1 bed · 1 shared bath,41400541,John,,FOURTEENTH WARD,42.66403,-73.81446,Private room,41,1,110,8/6/2023,2.6,1,145,43,
625346918039601608,Rental unit in Albany · ★4.96 · 1 bedroom · 2 beds · 1 bath,12742779,Kathryn,,SIXTH WARD,42.65347,-73.7662,Entire home/apt,121,1,114,8/3/2023,7.99,1,297,98,
24120690,Guest suite in Albany · ★4.94 · 1 bedroom · 1 bed · 1 private bath,156446839,Domini,,FOURTEENTH WARD,42.65975,-73.81196,Private room,72,2,110,8/6/2023,1.69,1,317,21,
13083497,Home in Albany · ★4.67 · 4 bedrooms · 4 beds · 2 baths,1364123,Akhilesh,,FIFTEENTH WARD,42.66972,-73.82753,Entire home/apt,219,2,168,8/4/2023,1.94,1,325,10,
623102454293479631,Condo in Albany · ★4.61 · 1 bedroom · 3 beds · 1 bath,1176120,Julia,,THIRD WARD,42.65723,-73.75684,Entire home/apt,105,1,101,8/6/2023,6.69,3,76,80,
53567589,Rental unit in Albany · ★4.91 · 1 bedroom · 1 bed · 1 bath,433096110,Brian,,SIXTH WARD,42.65204,-73.76655,Entire home/apt,99,1,141,8/5/2023,6.99,3,321,84,
42490432,Rental unit in Albany · ★4.74 · 1 bedroom · 1 bed · 1.5 baths,232967878,Diana,,SECOND WARD,42.64497,-73.7581,Entire home/apt,126,2,125,7/21/2023,3.41,20,83,33,
756752556396798800,Rental unit in Albany · ★5.0 · 1 bedroom · 1 bed · 1 shared bath,69729286,Musab,,SIXTH WARD,42.65259,-73.76732,Private room,50,3,7,6/6/2023,0.95,2,145,7,
18341426,Home in Albany · ★4.98 · 2 bedrooms · 3 beds · 1 bath,4259750,Peter,,FIFTEENTH WARD,42.67637,-73.82395,Entire home/apt,555,1,57,6/26/2022,0.86,9,365,0,
28341274,Rental unit in Albany · ★4.94 · 1 bedroom · 1 bed · 1 shared bath,54394342,Alice,,SIXTH WARD,42.65821,-73.76917,Private room,75,1,53,7/31/2023,0.89,1,353,19,
752337379205662422,Condo in Albany · ★5.0 · 2 bedrooms · 2 beds · 1 bath,258664571,Vorakij,,SECOND WARD,42.6444412,-73.7597141,Entire home/apt,158,2,11,7/26/2023,2.84,2,352,11,
628824127129967353,Rental unit in Albany · 2 bedrooms · 2 beds · 1 private bath,7164949,Jordan,,THIRD WARD,42.66169974831227,-73.76466828,Private room,68,2,0,,,1,88,0,
588298411730694861,Rental unit in Albany · ★5.0 · 1 bedroom · 1 bed · 1 bath,353498132,Michael,,SECOND WARD,42.64441,-73.75647,Entire home/apt,110,13,7,5/1/2023,0.51,5,242,5,
795541666227926706,Bed and breakfast in Albany · ★New · 7 bedrooms · 8 beds · 7 baths,493882819,Terra,,NINTH WARD,42.656329,-73.7752048,Private room,680,1,0,,,6,360,0,
803814397190632412,Bed and breakfast in Albany · ★New · 1 bedroom · 2 beds · 1 private bath,493882819,Terra,,NINTH WARD,42.656329,-73.775205,Private room,140,1,2,7/29/2023,2,6,224,2,
654302747324294105,Rental unit in Albany · ★4.63 · 1 bedroom · 1 bed · 1 bath,47625981,Linda,,FOURTH WARD,42.65752,-73.74743,Entire home/apt,115,1,30,7/26/2023,2.32,13,361,28,
5651579,Rental unit in Albany · ★4.50 · Studio · 1 bed · 1 bath,29288920,Gregg,,SECOND WARD,42.64615,-73.75966,Entire home/apt,68,3,324,8/4/2023,3.22,3,119,23,
52360097,Rental unit in Albany · ★4.79 · 1 bedroom · 1 bed · 1 bath,392074908,Jerry,,SIXTH WARD,42.65386,-73.75958,Entire home/apt,88,2,58,3/12/2023,2.55,7,347,20,
552126406812197546,Townhouse in Albany · ★4.75 · 1 bedroom · 1 bed · 1 shared bath,49100926,Clyde,,SIXTH WARD,42.65902,-73.7701,Private room,110,2,4,1/20/2023,0.22,4,331,2,
594826539132503237,Rental unit in Albany · ★4.91 · Studio · 2 beds · 1 bath,232967878,Diana,,SECOND WARD,42.64252,-73.75688,Entire home/apt,119,1,53,8/6/2023,3.21,20,86,41,
27692601,Home in Albany · ★4.93 · 2 bedrooms · 2 beds · 1.5 baths,202580880,Rosanne,,EIGHTH WARD,42.64514,-73.80668,Entire home/apt,195,3,15,10/8/2022,0.26,1,179,1,
11639446,Home in Albany · ★4.82 · 1 bedroom · 1 bed · 1.5 shared baths,61700428,Adam,,ELEVENTH WARD,42.67583,-73.78297,Private room,47,2,222,6/26/2023,2.54,3,330,12,
850653820133738660,Home in Albany · 1 bedroom · 1 bed · 1.5 shared baths,20536619,Emily,,THIRTEENTH WARD,42.67177,-73.79464,Private room,58,4,0,,,1,85,0,
28868857,Guest suite in Albany · ★4.72 · 1 bedroom · 1 bed · 1 bath,44434571,Earl,,SECOND WARD,42.64535,-73.75365,Entire home/apt,77,1,490,8/2/2023,8.65,5,351,73,
25976514,Home in Albany · ★4.92 · 1 bedroom · 1 bed · 1 shared bath,31757246,Leiba,,SIXTH WARD,42.65333,-73.77293,Private room,80,3,12,7/27/2023,0.19,1,359,3,
21449583,Home in Albany · ★5.0 · 4 bedrooms · 5 beds · 1.5 baths,4259750,Peter,,FIFTEENTH WARD,42.67547,-73.82402,Entire home/apt,570,4,8,7/27/2018,0.12,9,365,0,
942363601416690858,Rental unit in Albany · ★New · 1 bedroom · 1 bed · 1 shared bath,491607190,Abba,,FOURTEENTH WARD,42.65937759740778,-73.80250002,Private room,99,1,0,,,5,9,0,
554082470790988493,Townhouse in Albany · ★4.67 · 1 bedroom · 1 bed · 1.5 shared baths,49100926,Clyde,,SIXTH WARD,42.6598,-73.76995,Private room,100,2,6,10/2/2022,0.33,4,341,1,
20519807,Home in Albany · ★4.97 · 1 bedroom · 1 bed · 2 shared baths,67171774,Michael And Flerida,,FOURTEENTH WARD,42.65846,-73.80201,Private room,60,4,32,7/8/2020,0.48,6,1,0,
937917144482762419,Hotel in Albany · ★New · 1 bedroom · 1 bed · 1 bath,526358730,Argus,,TENTH WARD,42.659082586070085,-73.77455698,Private room,182,1,0,,,12,241,0,
812481224035365997,Rental unit in Albany · ★4.92 · 2 bedrooms · 2 beds · 1 bath,266096073,Caroline,,THIRTEENTH WARD,42.67239,-73.79418,Entire home/apt,104,1,13,6/18/2023,2.25,1,198,13,
937959604296602771,Hotel in Albany · ★New · 1 bedroom · 1 bed · 1 bath,526358730,Argus,,TENTH WARD,42.66003431746541,-73.77320092,Private room,197,1,0,,,12,236,0,
28929840,Home in Albany · ★5.0 · Studio · 1 bed · 1 private bath,194113768,Rachel,,FOURTH WARD,42.6737,-73.75313,Private room,95,1,6,5/27/2023,0.1,1,130,2,
51592836,Rental unit in Albany · ★4.67 · 1 bedroom · 1 bed · 1 bath,60293220,David,,THIRD WARD,42.65812,-73.74941,Entire home/apt,85,3,58,8/3/2023,2.6,3,357,24,
12799126,Rental unit in Albany · ★4.88 · 1 bedroom · 1 bed · 1 shared bath,69729286,Musab,,SIXTH WARD,42.65154,-73.76867,Private room,50,5,26,6/30/2023,0.72,2,334,7,
746918436835549556,Rental unit in Albany · ★4.55 · 1 bedroom · 1 bed · 1 bath,485300126,John,,THIRD WARD,42.65755,-73.75637,Entire home/apt,62,2,73,8/2/2023,7.74,2,357,73,
937838302933205871,Hotel in Albany · ★New · 1 bedroom · 1 bed · 1 bath,526358730,Argus,,ELEVENTH WARD,42.6606,-73.77284,Private room,185,1,0,,,12,235,0,
788301415655396660,Rental unit in Albany · ★4.88 · 2 bedrooms · 2 beds · 1.5 baths,232967878,Diana,,SECOND WARD,42.64324,-73.75732,Entire home/apt,150,1,26,7/23/2023,3.53,20,82,26,
17238066,Home in Albany · ★4.92 · 1 bedroom · 1 bed · 1.5 shared baths,61700428,Adam,,FIFTH WARD,42.67614,-73.78169,Private room,44,3,129,5/29/2023,1.68,3,281,3,
625361790254590926,Rental unit in Albany · ★5.0 · 1 bedroom · 1 bed · 1 shared bath,249258548,Umer,,SEVENTH WARD,42.64242,-73.78536,Private room,53,2,12,8/2/2023,0.83,4,141,7,
39836487,Rental unit in Albany · ★4.63 · Studio · 1 bed · 1 bath,306508346,Adem,,SIXTH WARD,42.65547,-73.7651,Entire home/apt,78,1,218,8/6/2023,4.77,2,58,67,
803867986023966300,Bed and breakfast in Albany · ★5.0 · 1 bedroom · 1 bed · 1 private bath,493882819,Terra,,NINTH WARD,42.656329,-73.775205,Private room,137,1,3,7/22/2023,3,6,232,3,
950211425725610511,Rental unit in Albany · ★New · 2 bedrooms · 2 beds · 1 bath,1717342,David,,SIXTH WARD,42.6541815,-73.7608605,Entire home/apt,170,1,0,,,2,262,0,
17514620,Home in Albany · ★4.72 · 1 bedroom · 1 bed · 1 shared bath,36438637,Chad,,TENTH WARD,42.6584,-73.78309,Private room,46,10,50,7/30/2023,0.64,4,324,7,
52241973,Guest suite in Albany · ★4.92 · Studio · 1 bed · 1 bath,35465673,Jason,,SIXTH WARD,42.65641,-73.76413,Entire home/apt,79,1,157,7/22/2023,7.11,1,52,84,
924826301876268684,Home in Albany · ★New · 1 bedroom · 2 beds · 1 shared bath,382446799,Elizabeth,,NINTH WARD,42.654965911269095,-73.78021705,Private room,44,1,2,7/29/2023,2,2,350,2,
857981934159027424,Rental unit in Albany · ★5.0 · 1 bedroom · 1 bed · 1 bath,60293220,David,,THIRD WARD,42.65817,-73.74935,Entire home/apt,82,5,3,7/21/2023,1.15,3,334,3,
752118894541630543,Condo in Albany · ★4.88 · 2 bedrooms · 2 beds · 1 bath,258664571,Vorakij,,SECOND WARD,42.64439384900326,-73.75975702,Entire home/apt,161,2,17,7/30/2023,3.09,2,349,17,
937966967490420635,Hotel in Albany · ★New · 1 bedroom · 1 bed · 1 bath,526358730,Argus,,SIXTH WARD,42.658565440198664,-73.77439829,Private room,197,1,0,,,12,242,0,
20212108,Townhouse in Albany · ★4.60 · 1 bedroom · 7 beds · 1 private bath,39656001,Urbangem,,SECOND WARD,42.64355,-73.75712,Private room,229,1,5,1/28/2023,0.11,6,179,1,
47408047,Rental unit in Albany · ★4.85 · 1 bedroom · 1 bed · 1 bath,152762198,Allen,,FOURTEENTH WARD,42.67156,-73.80883,Entire home/apt,87,3,34,8/7/2023,1.13,7,357,15,
52225409,Home in Albany · ★4.75 · 3 bedrooms · 3 beds · 1 bath,207800855,Iris,,TWELFTH WARD,42.68553,-73.79716,Entire home/apt,116,2,20,7/23/2023,0.94,3,85,14,
51579900,Rental unit in Albany · ★4.77 · 1 bedroom · 1 bed · 1 bath,47625981,Linda,,FOURTH WARD,42.65856,-73.74866,Entire home/apt,115,1,57,7/15/2023,2.36,13,136,26,
48124042,Rental unit in Albany · ★4.89 · 2 bedrooms · 3 beds · 1 bath,385664127,Dillon,,THIRD WARD,42.64982,-73.75103,Entire home/apt,104,1,141,5/29/2023,5.78,2,233,64,
24606880,Guest suite in Albany · ★4.92 · 1 bedroom · 1 bed · 1 private bath,98744672,Bela,,NINTH WARD,42.65431,-73.78178,Private room,60,2,38,4/17/2023,0.65,8,220,6,
943359292008970578,Home in Albany · ★New · 4 bedrooms · 10 beds · 2 baths,39656001,Urbangem,,SECOND WARD,42.64424112276753,-73.75675302,Entire home/apt,589,2,0,,,6,364,0,
553840513283735966,Townhouse in Albany · ★4.50 · 1 bedroom · 1 bed · 1 shared bath,49100926,Clyde,,SIXTH WARD,42.6595,-73.76938,Private room,100,2,4,7/2/2023,0.23,4,311,2,
50207226,Rental unit in Albany · ★4.88 · 1 bedroom · 2 beds · 1 bath,47625981,Linda,,FOURTH WARD,42.65888,-73.74673,Entire home/apt,115,1,64,7/30/2023,2.42,13,138,18,
932618854176539492,Rental unit in Albany · ★New · 1 bedroom · 1 bed · 1 bath,232967878,Diana,,THIRTEENTH WARD,42.672943350526445,-73.79225343,Entire home/apt,127,1,1,7/16/2023,1,20,364,1,
21052414,Home in Albany · ★4.76 · 1 bedroom · 1 bed · 1 shared bath,135717458,Chad,,THIRTEENTH WARD,42.66565,-73.77975,Private room,40,10,37,7/31/2023,0.59,3,310,5,
681264183196450583,Home in Albany · ★5.0 · 3 bedrooms · 3 beds · 1 shared bath,376794541,Neha,,ELEVENTH WARD,42.66286,-73.77817,Private room,46,10,8,8/6/2023,0.64,3,345,6,
938431811499141903,Home in Albany · ★New · 1 bedroom · 1 bed · 1 bath,116935236,Fs,,THIRTEENTH WARD,42.669735657513975,-73.78610658,Private room,40,2,1,7/23/2023,1,2,294,1,
684100173908872919,Condo in Albany · ★4.40 · 1 bedroom · 2 beds · 1 bath,1176120,Julia,,THIRD WARD,42.65732,-73.75676,Entire home/apt,105,1,55,7/27/2023,4.45,3,83,53,
13711253,Home in Albany · ★4.77 · 1 bedroom · 1 bed · 1.5 shared baths,61700428,Adam,,TWELFTH WARD,42.68769,-73.79664,Private room,60,2,224,12/6/2022,2.6,3,281,5,
796231143904004713,Bed and breakfast in Albany · ★New · 1 bedroom · 1 bed · 1 private bath,493882819,Terra,,NINTH WARD,42.65582,-73.77541,Private room,136,1,1,7/23/2023,1,6,229,1,
802216634798169031,Bed and breakfast in Albany · ★New · 1 bedroom · 1 bed · 1 private bath,493882819,Terra,,SIXTH WARD,42.65751,-73.77409,Private room,137,1,0,,,6,228,0,
40491172,Rental unit in Albany · ★4.90 · 2 bedrooms · 3 beds · 1 bath,152762198,Allen,,THIRTEENTH WARD,42.66827,-73.79231,Entire home/apt,114,3,90,7/18/2023,2.01,7,337,24,
692807914756117019,Rental unit in Albany · ★4.86 · 1 bedroom · 1 bed · 1 bath,67337944,Rabia,,ELEVENTH WARD,42.6623,-73.777,Entire home/apt,125,1,36,8/2/2023,4.82,1,328,36,
782849454465952994,Rental unit in Albany · ★4.89 · 1 bedroom · 1 bed · 1 bath,491607190,Abba,,SIXTH WARD,42.65183,-73.76594,Entire home/apt,105,1,9,8/5/2023,1.23,5,0,9,
52152157,Townhouse in Albany · ★4.95 · 2 bedrooms · 2 beds · 1 bath,152762198,Allen,,FIRST WARD,42.63066,-73.77357,Entire home/apt,106,3,41,5/28/2023,1.8,7,163,20,
53312101,Rental unit in Albany · ★4.89 · 1 bedroom · 1 bed · 1 bath,232967878,Diana,,SECOND WARD,42.64369,-73.7581,Entire home/apt,97,1,27,7/23/2023,1.28,20,71,22,
51230498,Aparthotel in Albany · ★4.83 · 1 bedroom · 1 bed · 1 bath,414738935,Sonya,,THIRD WARD,42.66064,-73.76074,Entire home/apt,87,1,180,7/28/2023,7.24,1,59,76,
942355055662538072,Rental unit in Albany · ★New · 1 bedroom · 1 bed · 1 bath,491607190,Abba,,FOURTEENTH WARD,42.657984040044035,-73.80128215,Private room,109,1,1,8/7/2023,1,5,9,1,
805896945977358156,Rental unit in Albany · ★4.65 · 2 bedrooms · 2 beds · 1 bath,496444061,Diana,,THIRD WARD,42.65588,-73.75332,Entire home/apt,95,1,34,7/23/2023,5.9,1,153,34,
625350562676461315,Rental unit in Albany · ★4.90 · 1 bedroom · 1 bed · 1 shared bath,249258548,Umer,,SEVENTH WARD,42.64318,-73.78386,Private room,53,2,10,7/14/2023,0.67,4,139,4,
50171851,Rental unit in Albany · ★4.99 · 1 bedroom · 1 bed · 1 bath,48490017,Todd,,SIXTH WARD,42.65157,-73.76546,Entire home/apt,109,2,115,8/7/2023,4.76,1,0,55,
38873670,Rental unit in Albany · ★4.43 · 1 bedroom · 1 bed · 1 bath,37035085,George,,SIXTH WARD,42.65921,-73.76843,Entire home/apt,46,30,7,4/1/2023,0.31,4,287,3,
881231954286264195,Rental unit in Albany · ★5.0 · 1 bedroom · 1 bed · 1 bath,37769478,Erion,,SIXTH WARD,42.65379,-73.76901,Entire home/apt,117,1,8,6/13/2023,2.4,7,289,8,
34366660,Rental unit in Albany · ★4.71 · 1 bedroom · 2 beds · 1 bath,37035085,George,,SIXTH WARD,42.65781,-73.76856,Entire home/apt,51,30,7,5/31/2023,0.14,4,256,2,
581057744765912905,Loft in Albany · ★4.63 · Studio · 1 bed · 1 bath,47625981,Linda,,THIRD WARD,42.65848,-73.76359,Entire home/apt,115,1,35,7/30/2023,2.06,13,122,31,
41319631,Home in Albany · ★5.0 · 2 bedrooms · 2 beds · 1.5 baths,59864591,Daniel,,SIXTH WARD,42.65115,-73.7668,Entire home/apt,92,30,4,1/6/2023,0.14,1,212,1,
48172884,Home in Albany · ★4.88 · 1 bedroom · 1 bed · 1 shared bath,98744672,Bela,,NINTH WARD,42.65399,-73.78126,Private room,45,2,35,8/6/2023,1.18,8,0,21,
667644674529935702,Rental unit in Albany · ★4.96 · 1 bedroom · 2 beds · 1 bath,439560254,Sean,,SIXTH WARD,42.65541380925019,-73.76367521,Entire home/apt,122,2,47,8/6/2023,3.75,1,65,45,
51461480,Rental unit in Albany · ★4.95 · 1 bedroom · 1 bed · 1 bath,416799784,Rosie,,TENTH WARD,42.65969,-73.77564,Entire home/apt,124,7,21,3/31/2023,0.96,1,178,4,
617242073954595468,Rental unit in Albany · ★4.90 · 1 bedroom · 2 beds · 1 bath,433096110,Brian,,SIXTH WARD,42.65353,-73.7679,Entire home/apt,113,1,82,7/30/2023,5.36,3,326,67,
44180048,Rental unit in Albany · ★4.98 · Studio · 2 beds · 1 bath,355777684,Lloyd,,SIXTH WARD,42.65935,-73.76805,Entire home/apt,167,1,297,8/4/2023,7.96,3,339,79,
51710034,Condo in Albany · ★4.50 · 1 bedroom · 1 bed · 1 bath,392074908,Jerry,,SIXTH WARD,42.65269,-73.76076,Entire home/apt,103,2,28,5/21/2023,1.18,7,342,9,
54126421,Townhouse in Albany · ★4.94 · 1 bedroom · 1 bed · 1 bath,37769478,Erion,,SIXTH WARD,42.65422,-73.76996,Entire home/apt,118,1,34,8/5/2023,2.04,7,280,18,
51964868,Rental unit in Albany · ★4.67 · 1 bedroom · 1 bed · 1 bath,392074908,Jerry,,SIXTH WARD,42.65442,-73.7611,Entire home/apt,85,2,45,7/16/2023,1.94,7,340,15,
685516018052013053,Rental unit in Albany · ★5.0 · 1 bedroom · 1 bed · 1 bath,392074908,Jerry,,SEVENTH WARD,42.64759,-73.77049,Entire home/apt,99,2,3,10/9/2022,0.25,7,358,3,
938894985185379818,Rental unit in Albany · ★New · 2 bedrooms · 2 beds · 1 bath,462767507,Joshua,,SIXTH WARD,42.653620765365424,-73.7651698,Entire home/apt,114,3,0,,,3,349,0,
39093517,Rental unit in Albany · ★4.80 · 2 bedrooms · 1 bed · 1 bath,299638115,Dominick,,SIXTH WARD,42.65507,-73.76138,Entire home/apt,151,4,35,2/19/2023,0.78,3,364,1,
681952268271889535,Vacation home in Albany · 2 bedrooms · 2 beds · 1 bath,461579260,Md,,SECOND WARD,42.646896,-73.757612,Entire home/apt,140,1,1,2/26/2023,0.18,3,363,1,
8915877,Rental unit in Albany · ★4.74 · 1 bedroom · 1 bed · 1 bath,46312980,Robert,,SECOND WARD,42.64603,-73.75986,Entire home/apt,87,3,224,10/17/2022,2.36,1,335,2,
796983497677050358,Rental unit in Albany · ★4.50 · 1 bedroom · 1 bed · 1 bath,18760261,Shane,,NINTH WARD,42.6538578,-73.7855281,Entire home/apt,88,2,6,5/29/2023,1.29,1,267,6,
53868749,Rental unit in Albany · ★3.0 · 3 bedrooms · 3 beds · 1 bath,121680792,Evolve,,SECOND WARD,42.64694,-73.75761,Entire home/apt,173,3,9,11/2/2022,0.54,9,362,4,
42391372,Rental unit in Albany · ★3.96 · 3 bedrooms · 3 beds · 1 bath,121680792,Evolve,,SECOND WARD,42.6469,-73.75761,Entire home/apt,178,3,27,10/27/2022,0.71,9,364,2,
43576505,Rental unit in Albany · ★3.90 · 2 bedrooms · 2 beds · 1 bath,121680792,Evolve,,SECOND WARD,42.6469,-73.75761,Entire home/apt,178,3,10,5/29/2022,0.28,9,363,0,
708148232281445824,Rental unit in Albany · ★4.56 · 2 bedrooms · 2 beds · 1 bath,426253886,Aggie,,SECOND WARD,42.64638,-73.76146,Entire home/apt,100,1,16,5/27/2023,1.54,2,329,16,
20671966,Home in Albany · ★4.90 · 1 bedroom · 1 bed · 1 bath,98744672,Bela,,NINTH WARD,42.65532,-73.78244,Entire home/apt,90,2,39,6/1/2023,0.54,8,331,1,
942329036354117336,Rental unit in Albany · ★New · 2 bedrooms · 2 beds · 1 bath,491607190,Abba,,FOURTEENTH WARD,42.65801,-73.80049,Entire home/apt,146,1,0,,,5,9,0,
845960193409947556,Home in Albany · ★4.92 · 4 bedrooms · 5 beds · 2 baths,268741708,Nanette,,FIRST WARD,42.63504,-73.79833,Entire home/apt,394,1,25,8/4/2023,5.43,1,71,25,
22431640,Rental unit in Albany · ★4.82 · 1 bedroom · 2 beds · 1 bath,108848737,Jake,,SEVENTH WARD,42.64717,-73.77135,Entire home/apt,168,1,422,8/2/2023,6.56,2,29,54,
46894493,Home in Albany · ★4.99 · 2 bedrooms · 2 beds · 1 bath,69789449,Dan,,NINTH WARD,42.65311,-73.78525,Entire home/apt,175,1,167,7/30/2023,5.48,1,291,53,
902166216060824525,Rental unit in Albany · ★5.0 · 2 bedrooms · 2 beds · 1 bath,47625981,Linda,,SEVENTH WARD,42.64787,-73.76707,Entire home/apt,155,1,5,7/17/2023,2.88,13,345,5,
917639722733180899,Rental unit in Albany · ★4.95 · 2 bedrooms · 3 beds · 1 bath,471810429,Maria,,SEVENTH WARD,42.651937304486545,-73.78593012,Entire home/apt,134,1,19,8/6/2023,11.88,2,140,19,
54369240,Rental unit in Albany · ★4.87 · 1 bedroom · 1 bed · 1 bath,152762198,Allen,,TENTH WARD,42.65905,-73.77964,Entire home/apt,85,3,23,7/23/2023,1.56,7,359,16,
47334913,Rental unit in Albany · ★4.88 · 2 bedrooms · 2 beds · 1 bath,152762198,Allen,,THIRTEENTH WARD,42.66646,-73.79184,Entire home/apt,112,3,52,7/19/2023,1.69,7,298,27,
21752534,Rental unit in Albany · ★4.72 · 1 bedroom · 2 beds · 1 bath,152762198,Allen,,TENTH WARD,42.66045,-73.77833,Entire home/apt,79,3,150,8/4/2023,2.16,7,347,14,
53645427,Rental unit in Albany · ★4.60 · 2 bedrooms · 2 beds · 2 baths,47625981,Linda,,FOURTH WARD,42.65913,-73.74722,Entire home/apt,151,1,62,7/26/2023,3.07,13,132,37,
45313545,Rental unit in Albany · ★4.70 · 1 bedroom · 2 beds · 1 bath,165293595,Kori,,NINTH WARD,42.6545,-73.78223,Entire home/apt,89,2,86,7/24/2023,2.51,1,139,43,
45529447,Rental unit in Albany · ★4.70 · 2 bedrooms · 2 beds · 1 bath,47625981,Linda,,SECOND WARD,42.64713,-73.75628,Entire home/apt,140,1,110,7/27/2023,3.59,13,125,44,
777068997424722137,Rental unit in Albany · ★4.67 · 1 bedroom · 1 bed · 1 bath,442094566,Queen,,THIRD WARD,42.65725,-73.75065,Entire home/apt,120,1,18,7/23/2023,2.44,1,352,18,
514347748300866729,Rental unit in Albany · ★5.0 · 1 bedroom · 1 bed · 1 bath,166246610,Shawn,,THIRD WARD,42.65742,-73.74985,Entire home/apt,96,4,24,7/29/2023,1.23,2,57,14,
771729605341763136,Rental unit in Albany · ★4.10 · 1 bedroom · 1 bed · 1 bath,155027597,Hilrow,,SECOND WARD,42.64755,-73.75842,Entire home/apt,98,1,20,5/14/2023,2.41,1,0,20,
42389085,Rental unit in Albany · 1 bedroom · 2 beds · 1 bath,121680792,Evolve,,THIRD WARD,42.6557,-73.75085,Entire home/apt,91,2,1,3/7/2020,0.02,9,220,0,
705660262559003663,Rental unit in Albany · 1 bedroom · 1 bed · 1 bath,353498132,Michael,,SECOND WARD,42.64577,-73.7583,Entire home/apt,111,13,2,3/12/2023,0.27,5,240,2,
32993402,Rental unit in Albany · ★4.68 · 2 bedrooms · 3 beds · 1 bath,44434571,Earl,,SECOND WARD,42.64563,-73.75311,Entire home/apt,109,1,388,8/2/2023,7.26,5,264,54,
888859204851381094,Rental unit in Albany · 2 bedrooms · 3 beds · 1 bath,121680792,Evolve,,THIRD WARD,42.6573,-73.7521,Entire home/apt,127,2,2,6/12/2023,0.74,9,359,2,
43208391,Rental unit in Albany · ★4.80 · 2 bedrooms · 2 beds · 1 bath,272907816,Angela,,SECOND WARD,42.64453,-73.75426,Entire home/apt,130,2,71,7/27/2023,2.03,4,86,15,
751421033442627559,Rental unit in Albany · ★4.86 · 2 bedrooms · 2 beds · 1 bath,486073806,Keneisha,,FIFTH WARD,42.66648,-73.76831,Entire home/apt,100,2,7,5/21/2023,1.22,1,359,7,
52615364,Rental unit in Albany · ★5.0 · 1 bedroom · 2 beds · 1 bath,416465867,Chris,,THIRD WARD,42.65069,-73.75193,Entire home/apt,65,30,20,3/27/2022,0.9,1,133,0,
45074220,Guest suite in Albany · ★4.67 · 1 bedroom · 1 bath,272907816,Angela,,SECOND WARD,42.64454,-73.75369,Entire home/apt,103,2,27,7/27/2023,1.17,4,89,8,
855336679720071303,Rental unit in Albany · ★4.67 · 1 bedroom · 2 beds · 1 bath,186074828,Blake,,SECOND WARD,42.6457663,-73.7586141,Entire home/apt,85,1,12,8/7/2023,2.93,1,76,12,
701379517805972295,Rental unit in Albany · ★4.90 · 1 bedroom · 1 bed · 1 bath,178347010,Jose,,FIFTH WARD,42.66692,-73.765,Entire home/apt,50,1,21,7/29/2023,1.98,1,357,21,
54369238,Townhouse in Albany · ★4.89 · 2 bedrooms · 2 beds · 1.5 baths,152762198,Allen,,NINTH WARD,42.65578,-73.78641,Entire home/apt,111,3,19,8/6/2023,1.79,7,160,19,
774701102203414342,Home in Albany · ★4.92 · 1 bedroom · 1 bed · 1 bath,261036923,Hasan,,FOURTEENTH WARD,42.6601,-73.80719,Entire home/apt,70,1,24,7/30/2023,3.26,1,251,24,
54232383,Rental unit in Albany · ★4.80 · 2 bedrooms · 2 beds · 1 bath,272907816,Angela,,SECOND WARD,42.64459,-73.75392,Entire home/apt,130,2,5,11/6/2022,0.44,4,38,5,
42009788,Rental unit in Albany · ★4.68 · 2 bedrooms · 2 beds · 1 bath,188679144,Elizabeth,,SIXTH WARD,42.65315,-73.76202,Entire home/apt,145,7,19,5/30/2023,0.45,8,361,5,
43736299,Home in Albany · ★4.86 · 3 bedrooms · 3 beds · 1 bath,349460842,Scott,,TENTH WARD,42.66257,-73.78281,Entire home/apt,160,1,94,7/16/2023,2.49,5,356,27,
16531782,Rental unit in Albany · ★4.77 · 1 bedroom · 1 bed · 1 bath,5691268,Elizabeth,,FOURTEENTH WARD,42.66075,-73.80605,Entire home/apt,70,1,278,7/27/2023,7.13,2,341,98,
52611613,Home in Albany · ★4.97 · 3 bedrooms · 3 beds · 1 bath,232967878,Diana,,NINTH WARD,42.65674,-73.79221,Entire home/apt,186,2,77,7/24/2023,3.48,20,68,39,
52359404,Home in Albany · ★4.92 · 3 bedrooms · 3 beds · 1 bath,207800855,Iris,,FIFTEENTH WARD,42.67044,-73.82573,Entire home/apt,153,2,60,8/6/2023,2.69,3,359,34,
787023821243442039,Home in Albany · ★5.0 · 3 bedrooms · 4 beds · 2 baths,349460842,Scott,,FOURTEENTH WARD,42.6653,-73.7943,Entire home/apt,218,1,10,7/20/2023,1.83,5,349,10,
861709357097860588,Rental unit in Albany · ★4.60 · 2 bedrooms · 2 beds · 1 bath,232967878,Diana,,TENTH WARD,42.66126,-73.78366,Entire home/apt,135,1,5,6/24/2023,1.7,20,87,5,
937871330299571029,Rental unit in Albany · ★New · 2 bedrooms · 3 beds · 1 bath,471810429,Maria,,SEVENTH WARD,42.65184,-73.78582,Entire home/apt,113,1,0,,,2,145,0,
723956857052424266,Home in Albany · ★4.90 · 4 bedrooms · 4 beds · 2 baths,10279606,Nori,,NINTH WARD,42.65691,-73.78389,Entire home/apt,212,1,67,7/30/2023,7.56,1,49,67,
45024912,Rental unit in Albany · ★4.95 · 1 bedroom · 1 bed · 1 bath,362851072,Elsa,,FOURTEENTH WARD,42.66132,-73.7956,Entire home/apt,143,1,111,7/26/2023,3.09,1,364,18,
48052353,Home in Albany · ★4.77 · 3 bedrooms · 4 beds · 1 bath,349460842,Scott,,TENTH WARD,42.66261,-73.78332,Entire home/apt,180,1,119,7/18/2023,3.93,5,362,44,
36443605,Rental unit in Albany · ★4.80 · 2 bedrooms · 2 beds · 1 bath,188679144,Elizabeth,,THIRTEENTH WARD,42.66619,-73.79031,Entire home/apt,116,7,49,5/27/2023,0.99,8,346,2,
682687626408133288,Rental unit in Albany · ★4.84 · 4 bedrooms · 4 beds · 2 baths,232967878,Diana,,TENTH WARD,42.66172,-73.78497,Entire home/apt,189,1,55,7/23/2023,4.46,20,79,53,
922634062451094710,Rental unit in Albany · ★New · 2 bedrooms · 2 beds · 1 bath,260986425,Connie,,NINTH WARD,42.65483722729842,-73.79149619,Entire home/apt,105,5,0,,,1,171,0,
658160753231817095,Rental unit in Albany · 1 bedroom · 1 bed · 1 bath,30920241,Miri,,SIXTH WARD,42.65128,-73.7686,Entire home/apt,164,30,0,,,2,55,0,
897797666103863249,Home in Albany · ★5.0 · 2 bedrooms · 2 beds · 1 bath,37769478,Erion,,TENTH WARD,42.66215778253739,-73.79234534,Entire home/apt,139,1,3,8/6/2023,1.7,7,354,3,
50354540,Rental unit in Albany · ★4.63 · 2 bedrooms · 2 beds · 1 bath,188679144,Elizabeth,,SIXTH WARD,42.65333,-73.76402,Entire home/apt,100,3,8,7/21/2023,0.31,8,354,5,
43955950,Home in Albany · ★4.88 · 3 bedrooms · 3 beds · 1 bath,232967878,Diana,,EIGHTH WARD,42.64383,-73.78926,Entire home/apt,246,2,60,7/16/2023,1.59,20,74,14,
794723189688979530,Rental unit in Albany · 3 bedrooms · 3 beds · 1 bath,20144241,Carla,,FIFTH WARD,42.67283,-73.77367,Entire home/apt,101,3,2,6/19/2023,0.81,1,154,2,
775645647912379518,Home in Albany · ★4.86 · 2 bedrooms · 2 beds · 2 baths,115597810,Massi,,SIXTH WARD,42.6518469,-73.7642072,Entire home/apt,138,2,21,7/27/2023,2.81,1,43,21,
786228331433922432,Rental unit in Albany · 1 bedroom · 1 bed · 1 bath,188679144,Elizabeth,,SIXTH WARD,42.65322,-73.76249,Entire home/apt,90,7,0,,,8,358,0,
677763754609430189,Townhouse in Albany · ★4.88 · 3 bedrooms · 3 beds · 1 bath,471187792,Romel,,THIRTEENTH WARD,42.6694413,-73.7974941,Entire home/apt,143,1,41,7/30/2023,3.34,1,149,40,
938475906652462790,Rental unit in Albany · ★New · 2 bedrooms · 2 beds · 1 bath,132766782,Kelly,,TWELFTH WARD,42.673982043290124,-73.79126384,Entire home/apt,130,3,0,,,1,267,0,
52836323,Rental unit in Albany · ★4.95 · 2 bedrooms · 2 beds · 1 bath,232967878,Diana,,THIRTEENTH WARD,42.67131,-73.7921,Entire home/apt,145,1,37,7/17/2023,1.88,20,80,23,
717373135846408345,Rental unit in Albany · ★5.0 · 2 bedrooms · 2 beds · 1 bath,232967878,Diana,,THIRTEENTH WARD,42.6732,-73.79199,Entire home/apt,141,2,23,7/16/2023,2.41,20,77,23,
757978037279611051,Rental unit in Albany · ★5.0 · 2 bedrooms · 2 beds · 1 bath,232967878,Diana,,THIRTEENTH WARD,42.67348,-73.7934,Entire home/apt,128,2,13,7/24/2023,2.35,20,87,13,
801365637253057708,Home in Albany · ★4.71 · 3 bedrooms · 5 beds · 1 bath,121680792,Evolve,,THIRTEENTH WARD,42.66958,-73.79722,Entire home/apt,132,2,7,7/15/2023,1.27,9,267,7,
876171723562246842,Rental unit in Albany · 1 bedroom · 1 bed · 1 bath,160195919,Joshua,,SIXTH WARD,42.65731,-73.7684,Entire home/apt,56,20,1,5/6/2023,0.31,1,65,1,
786181179052991690,Rental unit in Albany · 1 bedroom · 1 bed · 1 bath,188679144,Elizabeth,,THIRD WARD,42.65653,-73.76223,Entire home/apt,74,1,0,,,8,362,0,
40897436,Rental unit in Albany · ★4.84 · 2 bedrooms · 2 beds · 1.5 baths,50283047,Ellen,,SIXTH WARD,42.65592,-73.76259,Entire home/apt,128,7,25,7/27/2023,0.57,1,86,7,
43459803,Rental unit in Albany · ★5.0 · 1 bedroom · 2 beds · 1 bath,299638115,Dominick,,SIXTH WARD,42.65556,-73.76205,Entire home/apt,175,4,12,5/31/2023,0.4,3,333,1,
54150131,Townhouse in Albany · ★4.99 · 3 bedrooms · 4 beds · 2 baths,432936385,Jared,,SIXTH WARD,42.65155,-73.765,Entire home/apt,144,1,82,7/23/2023,4.84,1,315,68,
54097694,Place to stay in Albany · 1 bed · Half-bath,438504176,Roland,,SECOND WARD,42.64683,-73.75662,Entire home/apt,300,1,0,,,1,364,0,
618673322156725003,Loft in Albany · ★5.0 · 2 bedrooms · 2 beds · 1 bath,2554853,Nim,,SIXTH WARD,42.655479431152344,-73.76625061,Entire home/apt,70,4,4,7/22/2023,0.43,1,187,4,
656759629828215245,Rental unit in Albany · 1 bedroom · 5 beds · 1 bath,39656001,Urbangem,,SECOND WARD,42.64493,-73.75725,Entire home/apt,275,5,0,,,6,364,0,
53765091,Rental unit in Albany · ★4.97 · 1 bedroom · 1 bed · 1 bath,392074908,Jerry,,SIXTH WARD,42.65295,-73.7615,Entire home/apt,85,2,29,7/17/2023,1.45,7,306,12,
736893992132754814,Rental unit in Albany · 1 bedroom · 1 bed · 1 shared bath,77367219,Elizabeth,,SIXTH WARD,42.65643,-73.76402,Private room,60,30,2,11/28/2022,0.22,1,363,2,
637104152785938471,Rental unit in Albany · ★4.39 · 2 bedrooms · 2 beds · 1 bath,1176120,Julia,,THIRD WARD,42.65802,-73.756165,Entire home/apt,110,1,101,8/6/2023,7.01,3,82,79,
25549565,Guest suite in Albany · ★4.90 · 1 bedroom · 1 bed · 1 bath,9666970,Janet,,SIXTH WARD,42.65345,-73.7645,Entire home/apt,93,1,701,8/4/2023,11.11,1,140,130,
940012438497375577,Home in Albany · ★New · 1 bedroom · 1 bed · 1 bath,172539578,David Yisrael,,FIFTEENTH WARD,42.68001107488553,-73.81705996,Private room,70,3,0,,,2,87,0,
20620135,Home in Albany · ★4.93 · 2 bedrooms · 4 beds · 1 bath,4259750,Peter,,FIFTEENTH WARD,42.675,-73.82382,Entire home/apt,196,1,55,12/31/2022,0.78,9,39,1,
689719338468663432,Condo in Albany · ★4.95 · 1 bedroom · 1 bed · 1 bath,1717342,David,,SIXTH WARD,42.654057650371506,-73.760713,Entire home/apt,106,1,87,8/1/2023,7.33,2,308,87,
928948908785846870,Rental unit in Albany · ★New · 1 bedroom · 2 beds · 1 bath,441054845,Thaddeus,,THIRTEENTH WARD,42.6695423,-73.7960644,Entire home/apt,61,1,1,7/29/2023,1,1,193,1,
50088935,Condo in Albany · ★5.0 · 2 bedrooms · 3 beds · 1 bath,172658781,Jessica,,THIRTEENTH WARD,42.66972,-73.79544,Entire home/apt,100,60,4,11/30/2022,0.18,3,245,1,
806767523952124375,Home in Albany · ★4.79 · 2 bedrooms · 2 beds · 2 baths,110453341,Alexis,,FIFTH WARD,42.6684126,-73.7684199,Entire home/apt,92,1,14,7/28/2023,2.18,1,353,14,
642909221333428607,Rental unit in Albany · ★4.86 · 1 bedroom · 1 bed · 1 bath,462767507,Joshua,,SIXTH WARD,42.65427,-73.76455,Entire home/apt,99,3,14,8/5/2023,1.11,3,345,13,
21769213,Home in Albany · ★4.85 · 1 bedroom · 1 bed · 1 shared bath,135717458,Chad,,ELEVENTH WARD,42.66572,-73.77834,Private room,35,10,20,6/1/2023,0.29,3,311,3,
53971505,Rental unit in Albany · ★5.0 · 1 bedroom · 1 bed · 1 bath,60293220,David,,FOURTH WARD,42.65873,-73.7494,Entire home/apt,75,13,3,12/31/2022,0.17,3,364,1,
691212803264918638,Home in Albany · ★4.81 · 2 bedrooms · 2 beds · 1.5 baths,474507921,Hyacinth,,TENTH WARD,42.66344638300454,-73.78874122,Private room,50,1,21,4/9/2023,1.89,1,0,21,
32279028,Home in Albany · ★4.98 · 1 bedroom · 1 bed · 1.5 shared baths,172223381,Diana,,EIGHTH WARD,42.64936,-73.80278,Private room,55,1,180,7/28/2023,3.31,2,56,46,
736122518072082645,Rental unit in Albany · ★4.50 · 2 bedrooms · 4 beds · 1.5 baths,121680792,Evolve,,SIXTH WARD,42.65245,-73.76294,Entire home/apt,204,2,8,7/9/2023,0.85,9,0,8,
32450400,Home in Albany · 2 bedrooms · 2 beds · 1 shared bath,97330032,Sherrell,,FOURTH WARD,42.6761,-73.73825,Private room,122,3,0,,,1,179,0,
39864828,Rental unit in Albany · ★4.93 · 2 bedrooms · 2 beds · 1 bath,10313615,Matthew,,FOURTH WARD,42.66091,-73.74285,Entire home/apt,217,1,212,8/4/2023,4.87,1,71,51,
19527043,Rental unit in Albany · ★4.95 · 1 bedroom · 1 bed · 1 shared bath,15223767,Ed,,NINTH WARD,42.65312,-73.78161,Private room,70,1,66,7/21/2023,1.13,3,238,26,
736023391299565372,Home in Albany · 2 bedrooms · 3 beds · 1 bath,483276428,Hannah,,TENTH WARD,42.66135,-73.78417,Entire home/apt,70,30,1,1/31/2023,0.16,1,111,1,
28400263,Rental unit in Albany · ★4.95 · 1 bedroom · 1 bed · 1 shared bath,15223767,Ed,,NINTH WARD,42.65464,-73.78348,Private room,50,1,230,7/20/2023,4,3,207,34,
657130517248738038,Rental unit in Albany · ★5.0 · 1 bedroom · 1 bed · 1 bath,166246610,Shawn,,THIRD WARD,42.65795,-73.75092,Entire home/apt,101,4,9,7/27/2023,0.72,2,268,8,
19571496,Home in Albany · ★4.56 · 2 bedrooms · 1 bed · 1 shared bath,36438637,Chad,,TENTH WARD,42.6585,-73.78414,Private room,50,10,25,5/28/2023,0.4,4,249,7,
636902252641496970,Home in Albany · ★4.85 · 3 bedrooms · 3 beds · 1 shared bath,376794541,Neha,,ELEVENTH WARD,42.6635364,-73.7778236,Private room,46,10,20,7/27/2023,1.56,3,357,16,
932642358896439621,Rental unit in Albany · ★New · 2 bedrooms · 2 beds · 1 bath,232967878,Diana,,THIRTEENTH WARD,42.67132410762948,-73.79247187,Entire home/apt,150,1,1,7/23/2023,1,20,364,1,
38321579,Home in Albany · ★4.98 · 1 bedroom · 1 bed · 1.5 shared baths,172223381,Diana,,EIGHTH WARD,42.65085,-73.80239,Private room,56,1,234,8/6/2023,4.91,2,150,84,
937837897631191844,Hotel in Albany · ★New · 1 bedroom · 1 bed · 1 bath,526358730,Argus,,SIXTH WARD,42.658672199777634,-73.77478693,Private room,183,1,0,,,12,233,0,
28519423,Home in Albany · ★4.68 · 1 bedroom · 1 bed · 1 shared bath,89705052,Share,,TENTH WARD,42.65746,-73.77904,Private room,60,2,53,8/5/2023,0.91,4,49,15,
9005989,Rental unit in Albany · ★4.80 · 1 bedroom · 2 beds · 1 bath,17766924,Sugey,,SIXTH WARD,42.65559,-73.76506,Entire home/apt,85,1,559,7/18/2023,6.55,1,342,46,
565171585673492875,Serviced apartment in Albany · ★4.80 · 1 bedroom · 1 bed · 1 bath,232967878,Diana,,SECOND WARD,42.64342,-73.75742,Entire home/apt,122,1,49,5/28/2023,2.74,20,84,28,
30189794,Home in Albany · ★4.93 · 1 bedroom · 1 bed · 1 private bath,98744672,Bela,,NINTH WARD,42.6533,-73.78114,Private room,60,2,60,8/4/2023,1.09,8,252,17,
937935210290408974,Hotel in Albany · ★New · 1 bedroom · 1 bed · 1 bath,526358730,Argus,,SIXTH WARD,42.65846944486231,-73.77272373,Private room,182,1,0,,,12,241,0,
870457209918967324,Home in Albany · 1 bedroom · 1 bed · 1 private bath,177073982,Cristian,,FOURTEENTH WARD,42.66128,-73.80548,Private room,55,2,0,,,2,318,0,
52569714,Rental unit in Albany · ★4.77 · 1 bedroom · 1 bed · 1.5 baths,232967878,Diana,,SECOND WARD,42.64186,-73.75868,Entire home/apt,136,1,43,7/22/2023,1.93,20,88,21,
784781397995494758,Home in Albany · ★4.63 · 1 bedroom · 1 bed · 1 private bath,491907850,Donna,,FOURTEENTH WARD,42.66298,-73.81361,Private room,60,1,8,7/27/2023,1.36,1,83,8,
938266199766701429,Hotel in Albany · ★New · 1 bedroom · 1 bed · 1 bath,526358730,Argus,,TENTH WARD,42.660367202946986,-73.77326956,Private room,193,1,0,,,12,241,0,
923172203280965740,Home in Albany · ★4.67 · 4 bedrooms · 7 beds · 1.5 baths,65282034,Archer,,TENTH WARD,42.66071,-73.78912,Entire home/apt,145,2,3,8/2/2023,3,1,354,3,
938260134617291567,Hotel in Albany · ★New · 1 bedroom · 1 bed · 1 bath,526358730,Argus,,SIXTH WARD,42.658926587547136,-73.77448007,Private room,200,1,0,,,12,246,0,
919729008458872053,Home in Albany · ★New · 1 bedroom · 1 bed · 1 shared bath,382446799,Elizabeth,,NINTH WARD,42.6559529,-73.7807478,Private room,33,1,0,,,2,340,0,
52301345,Townhouse in Albany · ★4.25 · 1 bedroom · 2 beds · 1.5 shared baths,49100926,Clyde,,SIXTH WARD,42.65934,-73.76966,Private room,100,2,4,8/16/2022,0.23,4,219,1,
47902629,Rental unit in Albany · ★5.0 · 2 bedrooms · 2 beds · 2 baths,21886921,David,,THIRTEENTH WARD,42.66744,-73.79216,Entire home/apt,125,14,6,12/21/2021,0.21,2,220,0,
14489265,Rental unit in Albany · ★5.0 · 1 bedroom · 1 bed · 1 bath,37035085,George,,SIXTH WARD,42.65863,-73.76657,Entire home/apt,55,30,6,5/31/2023,0.12,4,204,3,
50211226,Rental unit in Albany · ★4.96 · 1 bedroom · 2 beds · 1 bath,105597161,Jake & Kate,,ELEVENTH WARD,42.66034,-73.77163,Entire home/apt,103,2,113,8/1/2023,5.78,1,293,69,
52619545,Rental unit in Albany · ★4.89 · 2 bedrooms · 2 beds · 1 bath,232967878,Diana,,THIRTEENTH WARD,42.67181,-73.79543,Entire home/apt,125,2,55,7/24/2023,2.46,20,79,30,
708060437684762754,Home in Albany · 1 bedroom · 1 bed · 2 shared baths,478008190,Edward,,FOURTEENTH WARD,42.659297007542705,-73.79720148,Private room,24,30,2,5/23/2023,0.21,3,335,2,
786316043239579100,Rental unit in Albany · ★5.0 · 1 bedroom · 1 bed · 1 bath,253824490,Tomar & Kash,,FIFTH WARD,42.65915031,-73.75431933,Entire home/apt,96,2,20,7/18/2023,3.19,1,134,20,
627627418709458036,Rental unit in Albany · ★4.67 · 1 bedroom · 1 bed · 1 shared bath,249258548,Umer,,SEVENTH WARD,42.64198,-73.78413,Private room,53,2,6,7/26/2023,0.42,4,141,2,
803604897479679272,Rental unit in Albany · 3 bedrooms · 3 beds · 2 baths,21886921,David,,FOURTEENTH WARD,42.66691,-73.79338,Entire home/apt,125,14,1,6/20/2023,0.59,2,218,1,
47943571,Rental unit in Albany · ★4.85 · 1 bedroom · 2 beds · 1 bath,385664127,Dillon,,THIRD WARD,42.65118,-73.75287,Entire home/apt,84,1,107,7/27/2023,3.54,2,333,53,
52691284,Home in Albany · ★4.96 · 5 bedrooms · 7 beds · 2.5 baths,232967878,Diana,,TENTH WARD,42.66236,-73.79245,Entire home/apt,600,2,49,7/23/2023,2.22,20,69,26,
52837196,Rental unit in Albany · ★4.77 · 1 bedroom · 1 bed · 1 bath,47625981,Linda,,FOURTH WARD,42.65812,-73.74837,Entire home/apt,116,1,47,7/31/2023,2.15,13,123,16,
631035244220396236,Rental unit in Albany · ★4.64 · 1 bedroom · 1 bed · 1 bath,47625981,Linda,,SECOND WARD,42.64558,-73.75928,Entire home/apt,115,1,33,7/26/2023,2.27,13,130,27,
695129027343234397,Home in Albany · ★5.0 · 1 bedroom · 1 bed · 1 bath,130759460,Kelsey,,EIGHTH WARD,42.64971,-73.80079,Entire home/apt,100,4,6,7/27/2023,0.65,1,0,6,
45528939,Rental unit in Albany · ★4.55 · 1 bedroom · 2 beds · 1 bath,47625981,Linda,,SECOND WARD,42.64801,-73.75668,Entire home/apt,120,1,77,8/6/2023,2.5,13,134,28,
708040907580174096,Home in Albany · ★4.33 · 1 bedroom · 1 bed · 2 shared baths,478008190,Edward,,FOURTEENTH WARD,42.66008,-73.79816,Private room,24,30,3,7/15/2023,0.39,3,259,3,
628163387057233327,Rental unit in Albany · ★4.76 · 1 bedroom · 1 bed · 1 bath,47625981,Linda,,SECOND WARD,42.64528,-73.75861,Entire home/apt,120,1,34,8/4/2023,2.38,13,124,29,
47440071,Home in Albany · ★4.96 · 1 bedroom · 1 bed · 1 private bath,382970529,Thomas,,THIRTEENTH WARD,42.6692,-73.79849,Private room,191,1,99,7/27/2023,3.18,5,74,45,
729131709113603445,Rental unit in Albany · ★4.87 · 1 bedroom · 1 bed · 1 bath,481974689,Lucy,,THIRD WARD,42.65103,-73.7574,Entire home/apt,150,3,23,4/29/2023,2.26,1,0,23,
937943638262956751,Hotel in Albany · ★New · 1 bedroom · 1 bed · 1 bath,526358730,Argus,,SIXTH WARD,42.65908020134226,-73.7732586,Private room,277,1,0,,,12,229,0,
821566342267452838,Home in Albany · 1 bedroom · 1 bed · 1 private bath,177073982,Cristian,,FOURTEENTH WARD,42.66109,-73.80479,Private room,55,2,2,3/9/2023,0.38,2,339,2,
938271786418327576,Hotel in Albany · ★New · 1 bedroom · 1 bed · 1 bath,526358730,Argus,,SIXTH WARD,42.65868261789235,-73.77332643,Private room,281,1,0,,,12,245,0,
52042995,Home in Albany · ★4.60 · 1 bedroom · 1 bed · 1 shared bath,160832560,Luke,,FIFTEENTH WARD,42.67643,-73.82903,Private room,41,2,15,6/29/2023,0.73,1,317,3,
715589505715983809,Townhouse in Albany · ★3.67 · 1 bedroom · 3 beds · 1 bath,121680792,Evolve,,SIXTH WARD,42.65531,-73.76449,Entire home/apt,86,2,6,3/15/2023,0.56,9,0,6,
20138691,Home in Albany · ★4.95 · 1 bedroom · 1 bed · 2 shared baths,67171774,Michael And Flerida,,FOURTEENTH WARD,42.65846,-73.80201,Private room,60,4,19,7/3/2020,0.29,6,200,0,
12284708,Home in Albany · ★4.61 · 1 bedroom · 1 bed · 1 shared bath,36438637,Chad,,TENTH WARD,42.65912,-73.78349,Private room,45,10,61,10/26/2019,0.69,4,251,0,
48599533,Rental unit in Albany · ★4.76 · 1 bedroom · 1 bed · 1 bath,392074908,Jerry,,SIXTH WARD,42.65429,-73.75986,Entire home/apt,92,2,84,7/8/2023,3.45,7,261,28,
813640070361665090,Rental unit in Albany · ★New · 1 bedroom · 1 bed · 1 shared bath,116935236,Fs,,THIRTEENTH WARD,42.67143614564987,-73.7903255,Private room,50,2,1,8/3/2023,1,2,356,1,
739722503092755616,Home in Albany · ★4.91 · 1 bedroom · 1 bed · 1 shared bath,98744672,Bela,,NINTH WARD,42.6543178,-73.7818222,Private room,50,2,11,7/24/2023,1.15,8,350,11,
42763847,Home in Albany · ★4.77 · 3 bedrooms · 3 beds · 1.5 baths,649068,Anthony,,FIRST WARD,42.63876,-73.78535,Entire home/apt,135,1,84,8/6/2023,2.09,1,117,27,
786196811078165173,Home in Albany · ★5.0 · 5 bedrooms · 5 beds · 3.5 baths,444163492,Drasana,,FOURTH WARD,42.67996,-73.75352,Entire home/apt,629,2,4,7/30/2023,0.71,2,346,4,
39698576,Rental unit in Albany · ★4.59 · 1 bedroom · 1 bed · 1 bath,188679144,Elizabeth,,NINTH WARD,42.65483,-73.78033,Entire home/apt,85,5,22,1/29/2023,0.48,8,361,3,
31663469,Camper/RV in Albany · 1 bedroom · 4 beds · 1 bath,162762329,Nick,,FOURTH WARD,42.6844,-73.7782,Entire home/apt,131,1,0,,,1,364,0,
563711706943869398,Rental unit in Albany · ★4.83 · 3 bedrooms · 3 beds · 1 bath,4259750,Peter,,THIRTEENTH WARD,42.66919,-73.78672,Entire home/apt,266,2,6,12/24/2022,0.34,9,354,4,
51503537,Rental unit in Albany · ★4.29 · 1 bedroom · 1 bed · 1 bath,394420519,All Seasons,,THIRD WARD,42.65061,-73.75006,Entire home/apt,105,4,7,2/23/2023,0.3,1,156,3,
21392315,Rental unit in Albany · ★4.86 · 1 bedroom · 1 bed · 1 bath,98744672,Bela,,NINTH WARD,42.65372,-73.78244,Entire home/apt,85,3,100,5/20/2023,1.44,8,333,8,
649973892551492641,Rental unit in Albany · ★4.50 · Studio · 1 bed · 1 bath,353498132,Michael,,SECOND WARD,42.64625,-73.75663,Entire home/apt,89,14,4,5/28/2023,0.34,5,224,4,
652889455649176778,Rental unit in Albany · ★4.64 · 2 bedrooms · 3 beds · 2 baths,426253886,Aggie,,SECOND WARD,42.64595,-73.76196,Entire home/apt,120,1,28,7/24/2023,2.3,2,311,28,
757342235277207834,Rental unit in Albany · ★5.0 · 1 bedroom · 1 bed · 1 bath,188679144,Elizabeth,,SIXTH WARD,42.65534,-73.76461,Entire home/apt,75,7,6,8/4/2023,0.7,8,353,6,
29605579,Serviced apartment in Albany · ★4.65 · 1 bedroom · 1 bed · 1 bath,19648678,Terra,,SIXTH WARD,42.65235,-73.76714,Entire home/apt,120,2,85,7/20/2023,1.47,7,256,10,
14316232,Home in Albany · ★4.70 · 1 bedroom · 1 bed · 1 shared bath,36438637,Chad,,TENTH WARD,42.65726,-73.78219,Private room,50,10,47,5/19/2023,0.55,4,212,3,
761141715827746314,Rental unit in Albany · ★4.92 · 1 bedroom · 1 bed · 1 bath,37769478,Erion,,SIXTH WARD,42.65405,-73.76953,Entire home/apt,118,1,13,6/29/2023,1.65,7,361,13,
902326803627859755,Home in Albany · 1 bedroom · 1 bed · 1 shared bath,349460842,Scott,,TENTH WARD,42.66174,-73.78325,Private room,60,89,0,,,5,341,0,
3820211,Rental unit in Albany · ★4.75 · 1 bedroom · 1 bed · 1 bath,19648678,Terra,,SIXTH WARD,42.65222,-73.76724,Entire home/apt,115,2,293,5/29/2023,2.68,7,359,6,
24655782,Rental unit in Albany · ★4.89 · 1 bedroom · 2 beds · 1 bath,108848737,Jake,,SEVENTH WARD,42.6477,-73.7714,Entire home/apt,80,1,326,5/20/2023,5.08,2,149,43,
20519722,Home in Albany · ★5.0 · 2 bedrooms · 1 bed · 2 shared baths,67171774,Michael And Flerida,,FOURTEENTH WARD,42.65846,-73.80201,Private room,80,4,8,8/12/2020,0.13,6,200,0,
20519453,Home in Albany · ★4.88 · 1 bedroom · 1 bed · 2 shared baths,67171774,Michael And Flerida,,FOURTEENTH WARD,42.65846,-73.80201,Private room,80,4,16,4/24/2020,0.25,6,200,0,
20518708,Home in Albany · ★4.92 · 2 bedrooms · 1 bed · 2 shared baths,67171774,Michael And Flerida,,FOURTEENTH WARD,42.65846,-73.80201,Private room,80,4,12,3/4/2020,0.23,6,200,0,
823275570359807298,Townhouse in Albany · ★New · 3 bedrooms · 3 beds · 1 bath,500360485,Manjano,,SIXTH WARD,42.65184046237008,-73.77073691,Entire home/apt,165,2,0,,,1,57,0,
764508866835218670,Home in Albany · ★5.0 · 1 bedroom · 1 bed · 1 shared bath,6203319,Melissa,,TENTH WARD,42.66117,-73.79091,Private room,75,1,4,6/17/2023,0.48,2,85,4,
26808765,Home in Albany · ★4.82 · 3 bedrooms · 3 beds · 2 baths,19648678,Terra,,ELEVENTH WARD,42.66048,-73.77269,Entire home/apt,314,1,102,7/22/2023,1.66,7,247,6,
708067736362606372,Home in Albany · ★3.0 · 1 bedroom · 1 bed · 2 shared baths,478008190,Edward,,FOURTEENTH WARD,42.65935889426801,-73.7972692,Private room,23,30,3,5/4/2023,0.34,3,364,3,
744430701454304507,Rental unit in Albany · ★5.0 · 1 bedroom · 1 bed · 1 bath,65414985,James,,SEVENTH WARD,42.6496,-73.76792,Entire home/apt,81,2,4,5/25/2023,1.02,2,288,4,
910155617642317638,Home in Albany · ★New · 1 bedroom · 1 bed · 1 shared bath,6203319,Melissa,,TENTH WARD,42.66292,-73.7909,Private room,95,1,1,7/26/2023,1,2,77,1,
662132809952482192,Home in Albany · 4 bedrooms · 3 beds · 1.5 baths,466389096,Patrice,,FIRST WARD,42.6382401,-73.7719405,Entire home/apt,139,5,1,7/15/2022,0.08,3,311,0,
27833958,Home in Albany · ★4.94 · 3 bedrooms · 3 beds · 2 baths,44299180,Colleen,,SEVENTH WARD,42.65178,-73.78711,Entire home/apt,225,5,35,10/9/2022,0.6,1,274,3,
45804322,Home in Albany · ★4.97 · 1 bedroom · 1 bed · 2 baths,124848440,Emilie,,TENTH WARD,42.66137,-73.7904,Private room,70,1,118,8/6/2023,3.45,1,50,63,
11253948,Home in Albany · ★4.94 · 3 bedrooms · 6 beds · 2 baths,4259750,Peter,,FIFTEENTH WARD,42.67567,-73.82438,Entire home/apt,276,1,127,7/4/2023,1.45,9,355,17,
952926915362736697,Home in Albany · ★New · 2 bedrooms · 3 beds · 2.5 baths,506878844,Tasheem,,EIGHTH WARD,42.65415107035281,-73.83475944,Entire home/apt,118,2,0,,,1,267,0,
778175939353231150,Bed and breakfast in Albany · 1 bedroom · 2 beds · 1 private bath,19648678,Terra,,NINTH WARD,42.65664,-73.77556,Private room,150,1,1,6/13/2023,0.52,7,137,1,
797455132224782470,Home in Albany · ★5.0 · 1 bedroom · 1 bed · 1 shared bath,89705052,Share,,TENTH WARD,42.65741,-73.78034,Private room,60,2,4,7/26/2023,0.62,4,49,4,
908035738595779392,Rental unit in Albany · ★5.0 · 1 bedroom · 2 beds · 1 bath,4763049,Steve,,THIRD WARD,42.65661,-73.7514,Entire home/apt,92,2,3,7/16/2023,2.2,1,0,3,
735879623743921266,Rental unit in Albany · ★4.84 · 1 bedroom · 1 bed · 1 bath,44434571,Earl,,THIRD WARD,42.64564,-73.75261,Entire home/apt,100,1,19,7/24/2023,2.01,5,355,19,
34330970,Rental unit in Albany · ★4.71 · 2 bedrooms · 4 beds · 1 bath,232967878,Diana,,SECOND WARD,42.64335,-73.7579,Entire home/apt,141,1,208,7/23/2023,4.09,20,80,34,
28722270,Loft in Albany · ★4.81 · 1 bedroom · 2 beds · 1 bath,44434571,Earl,,SECOND WARD,42.64535,-73.75365,Entire home/apt,100,1,595,7/30/2023,10.38,5,296,52,
621960198566758900,Home in Albany · ★5.0 · 5 bedrooms · 1 bed · 3.5 baths,382970529,Thomas,,FOURTEENTH WARD,42.66762,-73.79919,Entire home/apt,2157,1,5,8/28/2022,0.39,5,333,2,
681937608147268080,Rental unit in Albany · 1 bedroom · 1 bed · 1 bath,466389096,Patrice,,FIRST WARD,42.63716,-73.77227,Entire home/apt,81,7,0,,,3,219,0,
51560588,Rental unit in Albany · ★4.62 · Studio · 1 bed · 1 bath,392074908,Jerry,,SIXTH WARD,42.65431,-73.75997,Entire home/apt,85,2,39,7/8/2023,1.62,7,361,7,
43253591,Rental unit in Albany · ★4.73 · 2 bedrooms · 2 beds · 1 bath,29288920,Gregg,,THIRD WARD,42.65746,-73.74932,Entire home/apt,76,2,22,7/23/2023,0.57,3,155,13,
880290989870286099,Rental unit in Albany · ★4.91 · 3 bedrooms · 3 beds · 2 baths,49372011,Phil,,ELEVENTH WARD,42.67355,-73.78496,Entire home/apt,175,2,11,8/4/2023,3.75,2,168,11,
54126427,Townhouse in Albany · ★4.90 · 1 bedroom · 1 bed · 1 bath,37769478,Erion,,SIXTH WARD,42.65403,-73.77056,Entire home/apt,118,1,98,5/11/2023,5.08,7,352,37,
597655328370142613,Rental unit in Albany · ★5.0 · 2 bedrooms · 2 beds · 1 bath,30920241,Miri,,SIXTH WARD,42.65314,-73.76787,Entire home/apt,111,28,6,7/5/2023,0.39,2,106,5,
619695112394148331,Rental unit in Albany · ★5.0 · 1 bedroom · 1 bed · 1 bath,353498132,Michael,,SECOND WARD,42.64489,-73.75731,Entire home/apt,120,13,4,6/10/2023,0.31,5,187,3,
888820187503274303,Rental unit in Albany · ★4.55 · 2 bedrooms · 3 beds · 1 bath,199669072,Sequasia,,FOURTEENTH WARD,42.66958,-73.80722,Entire home/apt,132,1,11,8/6/2023,5.41,1,355,11,
53115382,Home in Albany · ★4.59 · 1 bedroom · 2 beds · 1 bath,207800855,Iris,,FIFTEENTH WARD,42.67004,-73.82367,Entire home/apt,88,2,27,5/24/2023,1.29,3,1,12,
809524698302742033,Rental unit in Albany · 2 bedrooms · 2 beds · 1 bath,172658781,Jessica,,NINTH WARD,42.65613971519499,-73.79212238,Entire home/apt,87,60,0,,,3,139,0,
687496906843024117,Vacation home in Albany · ★3.25 · 3 bedrooms · 3 beds · 1 bath,461579260,Md,,SECOND WARD,42.64621,-73.75723,Entire home/apt,185,1,4,5/28/2023,0.39,3,362,4,
647852499810496732,Rental unit in Albany · 3 bedrooms · 3 beds · 1 bath,444163492,Drasana,,EIGHTH WARD,42.64575,-73.8332223,Entire home/apt,149,28,1,7/27/2022,0.08,2,334,0,
33558235,Rental unit in Albany · ★4.76 · 2 bedrooms · 2 beds · 1 bath,44434571,Earl,,SECOND WARD,42.64585,-73.75297,Entire home/apt,104,1,377,8/2/2023,7.19,5,281,57,
26139592,Rental unit in Albany · ★4.83 · 1 bedroom · 1 bed · 1 bath,6833937,Farah,,SIXTH WARD,42.65403,-73.76325,Entire home/apt,102,2,98,7/27/2023,1.61,1,341,4,
904392960639597224,Rental unit in Albany · ★5.0 · 1 bedroom · 2 beds · 2 baths,4259750,Peter,,THIRTEENTH WARD,42.6652959,-73.7868778,Entire home/apt,244,1,3,7/6/2023,1.5,9,157,3,
